sample,region_bed,region_tbi
HG00097,/vast/palmer/pi/hall/wl474/projects/hprc_r2/variant_benchmarking/concat_stratifications/GRCh38_no_alt/results/HG00097.strat_regions.bed.gz,/vast/palmer/pi/hall/wl474/projects/hprc_r2/variant_benchmarking/concat_stratifications/GRCh38_no_alt/results/HG00097.strat_regions.bed.gz.tbi
HG00099,/vast/palmer/pi/hall/wl474/projects/hprc_r2/variant_benchmarking/concat_stratifications/GRCh38_no_alt/results/HG00099.strat_regions.bed.gz,/vast/palmer/pi/hall/wl474/projects/hprc_r2/variant_benchmarking/concat_stratifications/GRCh38_no_alt/results/HG00099.strat_regions.bed.gz.tbi
HG00126,/vast/palmer/pi/hall/wl474/projects/hprc_r2/variant_benchmarking/concat_stratifications/GRCh38_no_alt/results/HG00126.strat_regions.bed.gz,/vast/palmer/pi/hall/wl474/projects/hprc_r2/variant_benchmarking/concat_stratifications/GRCh38_no_alt/results/HG00126.strat_regions.bed.gz.tbi
HG00128,/vast/palmer/pi/hall/wl474/projects/hprc_r2/variant_benchmarking/concat_stratifications/GRCh38_no_alt/results/HG00128.strat_regions.bed.gz,/vast/palmer/pi/hall/wl474/projects/hprc_r2/variant_benchmarking/concat_stratifications/GRCh38_no_alt/results/HG00128.strat_regions.bed.gz.tbi
HG00133,/vast/palmer/pi/hall/wl474/projects/hprc_r2/variant_benchmarking/concat_stratifications/GRCh38_no_alt/results/HG00133.strat_regions.bed.gz,/vast/palmer/pi/hall/wl474/projects/hprc_r2/variant_benchmarking/concat_stratifications/GRCh38_no_alt/results/HG00133.strat_regions.bed.gz.tbi
HG00140,/vast/palmer/pi/hall/wl474/projects/hprc_r2/variant_benchmarking/concat_stratifications/GRCh38_no_alt/results/HG00140.strat_regions.bed.gz,/vast/palmer/pi/hall/wl474/projects/hprc_r2/variant_benchmarking/concat_stratifications/GRCh38_no_alt/results/HG00140.strat_regions.bed.gz.tbi
HG00146,/vast/palmer/pi/hall/wl474/projects/hprc_r2/variant_benchmarking/concat_stratifications/GRCh38_no_alt/results/HG00146.strat_regions.bed.gz,/vast/palmer/pi/hall/wl474/projects/hprc_r2/variant_benchmarking/concat_stratifications/GRCh38_no_alt/results/HG00146.strat_regions.bed.gz.tbi
HG00232,/vast/palmer/pi/hall/wl474/projects/hprc_r2/variant_benchmarking/concat_stratifications/GRCh38_no_alt/results/HG00232.strat_regions.bed.gz,/vast/palmer/pi/hall/wl474/projects/hprc_r2/variant_benchmarking/concat_stratifications/GRCh38_no_alt/results/HG00232.strat_regions.bed.gz.tbi
HG00235,/vast/palmer/pi/hall/wl474/projects/hprc_r2/variant_benchmarking/concat_stratifications/GRCh38_no_alt/results/HG00235.strat_regions.bed.gz,/vast/palmer/pi/hall/wl474/projects/hprc_r2/variant_benchmarking/concat_stratifications/GRCh38_no_alt/results/HG00235.strat_regions.bed.gz.tbi
HG00253,/vast/palmer/pi/hall/wl474/projects/hprc_r2/variant_benchmarking/concat_stratifications/GRCh38_no_alt/results/HG00253.strat_regions.bed.gz,/vast/palmer/pi/hall/wl474/projects/hprc_r2/variant_benchmarking/concat_stratifications/GRCh38_no_alt/results/HG00253.strat_regions.bed.gz.tbi
HG00272,/vast/palmer/pi/hall/wl474/projects/hprc_r2/variant_benchmarking/concat_stratifications/GRCh38_no_alt/results/HG00272.strat_regions.bed.gz,/vast/palmer/pi/hall/wl474/projects/hprc_r2/variant_benchmarking/concat_stratifications/GRCh38_no_alt/results/HG00272.strat_regions.bed.gz.tbi
HG00280,/vast/palmer/pi/hall/wl474/projects/hprc_r2/variant_benchmarking/concat_stratifications/GRCh38_no_alt/results/HG00280.strat_regions.bed.gz,/vast/palmer/pi/hall/wl474/projects/hprc_r2/variant_benchmarking/concat_stratifications/GRCh38_no_alt/results/HG00280.strat_regions.bed.gz.tbi
HG00290,/vast/palmer/pi/hall/wl474/projects/hprc_r2/variant_benchmarking/concat_stratifications/GRCh38_no_alt/results/HG00290.strat_regions.bed.gz,/vast/palmer/pi/hall/wl474/projects/hprc_r2/variant_benchmarking/concat_stratifications/GRCh38_no_alt/results/HG00290.strat_regions.bed.gz.tbi
HG00320,/vast/palmer/pi/hall/wl474/projects/hprc_r2/variant_benchmarking/concat_stratifications/GRCh38_no_alt/results/HG00320.strat_regions.bed.gz,/vast/palmer/pi/hall/wl474/projects/hprc_r2/variant_benchmarking/concat_stratifications/GRCh38_no_alt/results/HG00320.strat_regions.bed.gz.tbi
HG00321,/vast/palmer/pi/hall/wl474/projects/hprc_r2/variant_benchmarking/concat_stratifications/GRCh38_no_alt/results/HG00321.strat_regions.bed.gz,/vast/palmer/pi/hall/wl474/projects/hprc_r2/variant_benchmarking/concat_stratifications/GRCh38_no_alt/results/HG00321.strat_regions.bed.gz.tbi
HG00323,/vast/palmer/pi/hall/wl474/projects/hprc_r2/variant_benchmarking/concat_stratifications/GRCh38_no_alt/results/HG00323.strat_regions.bed.gz,/vast/palmer/pi/hall/wl474/projects/hprc_r2/variant_benchmarking/concat_stratifications/GRCh38_no_alt/results/HG00323.strat_regions.bed.gz.tbi
HG00329,/vast/palmer/pi/hall/wl474/projects/hprc_r2/variant_benchmarking/concat_stratifications/GRCh38_no_alt/results/HG00329.strat_regions.bed.gz,/vast/palmer/pi/hall/wl474/projects/hprc_r2/variant_benchmarking/concat_stratifications/GRCh38_no_alt/results/HG00329.strat_regions.bed.gz.tbi
HG00344,/vast/palmer/pi/hall/wl474/projects/hprc_r2/variant_benchmarking/concat_stratifications/GRCh38_no_alt/results/HG00344.strat_regions.bed.gz,/vast/palmer/pi/hall/wl474/projects/hprc_r2/variant_benchmarking/concat_stratifications/GRCh38_no_alt/results/HG00344.strat_regions.bed.gz.tbi
HG00350,/vast/palmer/pi/hall/wl474/projects/hprc_r2/variant_benchmarking/concat_stratifications/GRCh38_no_alt/results/HG00350.strat_regions.bed.gz,/vast/palmer/pi/hall/wl474/projects/hprc_r2/variant_benchmarking/concat_stratifications/GRCh38_no_alt/results/HG00350.strat_regions.bed.gz.tbi
HG00408,/vast/palmer/pi/hall/wl474/projects/hprc_r2/variant_benchmarking/concat_stratifications/GRCh38_no_alt/results/HG00408.strat_regions.bed.gz,/vast/palmer/pi/hall/wl474/projects/hprc_r2/variant_benchmarking/concat_stratifications/GRCh38_no_alt/results/HG00408.strat_regions.bed.gz.tbi
HG00423,/vast/palmer/pi/hall/wl474/projects/hprc_r2/variant_benchmarking/concat_stratifications/GRCh38_no_alt/results/HG00423.strat_regions.bed.gz,/vast/palmer/pi/hall/wl474/projects/hprc_r2/variant_benchmarking/concat_stratifications/GRCh38_no_alt/results/HG00423.strat_regions.bed.gz.tbi
HG00438,/vast/palmer/pi/hall/wl474/projects/hprc_r2/variant_benchmarking/concat_stratifications/GRCh38_no_alt/results/HG00438.strat_regions.bed.gz,/vast/palmer/pi/hall/wl474/projects/hprc_r2/variant_benchmarking/concat_stratifications/GRCh38_no_alt/results/HG00438.strat_regions.bed.gz.tbi
HG005,/vast/palmer/pi/hall/wl474/projects/hprc_r2/variant_benchmarking/concat_stratifications/GRCh38_no_alt/results/HG005.strat_regions.bed.gz,/vast/palmer/pi/hall/wl474/projects/hprc_r2/variant_benchmarking/concat_stratifications/GRCh38_no_alt/results/HG005.strat_regions.bed.gz.tbi
HG00544,/vast/palmer/pi/hall/wl474/projects/hprc_r2/variant_benchmarking/concat_stratifications/GRCh38_no_alt/results/HG00544.strat_regions.bed.gz,/vast/palmer/pi/hall/wl474/projects/hprc_r2/variant_benchmarking/concat_stratifications/GRCh38_no_alt/results/HG00544.strat_regions.bed.gz.tbi
HG00558,/vast/palmer/pi/hall/wl474/projects/hprc_r2/variant_benchmarking/concat_stratifications/GRCh38_no_alt/results/HG00558.strat_regions.bed.gz,/vast/palmer/pi/hall/wl474/projects/hprc_r2/variant_benchmarking/concat_stratifications/GRCh38_no_alt/results/HG00558.strat_regions.bed.gz.tbi
HG00597,/vast/palmer/pi/hall/wl474/projects/hprc_r2/variant_benchmarking/concat_stratifications/GRCh38_no_alt/results/HG00597.strat_regions.bed.gz,/vast/palmer/pi/hall/wl474/projects/hprc_r2/variant_benchmarking/concat_stratifications/GRCh38_no_alt/results/HG00597.strat_regions.bed.gz.tbi
HG00609,/vast/palmer/pi/hall/wl474/projects/hprc_r2/variant_benchmarking/concat_stratifications/GRCh38_no_alt/results/HG00609.strat_regions.bed.gz,/vast/palmer/pi/hall/wl474/projects/hprc_r2/variant_benchmarking/concat_stratifications/GRCh38_no_alt/results/HG00609.strat_regions.bed.gz.tbi
HG00621,/vast/palmer/pi/hall/wl474/projects/hprc_r2/variant_benchmarking/concat_stratifications/GRCh38_no_alt/results/HG00621.strat_regions.bed.gz,/vast/palmer/pi/hall/wl474/projects/hprc_r2/variant_benchmarking/concat_stratifications/GRCh38_no_alt/results/HG00621.strat_regions.bed.gz.tbi
HG00639,/vast/palmer/pi/hall/wl474/projects/hprc_r2/variant_benchmarking/concat_stratifications/GRCh38_no_alt/results/HG00639.strat_regions.bed.gz,/vast/palmer/pi/hall/wl474/projects/hprc_r2/variant_benchmarking/concat_stratifications/GRCh38_no_alt/results/HG00639.strat_regions.bed.gz.tbi
HG00642,/vast/palmer/pi/hall/wl474/projects/hprc_r2/variant_benchmarking/concat_stratifications/GRCh38_no_alt/results/HG00642.strat_regions.bed.gz,/vast/palmer/pi/hall/wl474/projects/hprc_r2/variant_benchmarking/concat_stratifications/GRCh38_no_alt/results/HG00642.strat_regions.bed.gz.tbi
HG00658,/vast/palmer/pi/hall/wl474/projects/hprc_r2/variant_benchmarking/concat_stratifications/GRCh38_no_alt/results/HG00658.strat_regions.bed.gz,/vast/palmer/pi/hall/wl474/projects/hprc_r2/variant_benchmarking/concat_stratifications/GRCh38_no_alt/results/HG00658.strat_regions.bed.gz.tbi
HG00673,/vast/palmer/pi/hall/wl474/projects/hprc_r2/variant_benchmarking/concat_stratifications/GRCh38_no_alt/results/HG00673.strat_regions.bed.gz,/vast/palmer/pi/hall/wl474/projects/hprc_r2/variant_benchmarking/concat_stratifications/GRCh38_no_alt/results/HG00673.strat_regions.bed.gz.tbi
HG00706,/vast/palmer/pi/hall/wl474/projects/hprc_r2/variant_benchmarking/concat_stratifications/GRCh38_no_alt/results/HG00706.strat_regions.bed.gz,/vast/palmer/pi/hall/wl474/projects/hprc_r2/variant_benchmarking/concat_stratifications/GRCh38_no_alt/results/HG00706.strat_regions.bed.gz.tbi
HG00733,/vast/palmer/pi/hall/wl474/projects/hprc_r2/variant_benchmarking/concat_stratifications/GRCh38_no_alt/results/HG00733.strat_regions.bed.gz,/vast/palmer/pi/hall/wl474/projects/hprc_r2/variant_benchmarking/concat_stratifications/GRCh38_no_alt/results/HG00733.strat_regions.bed.gz.tbi
HG00735,/vast/palmer/pi/hall/wl474/projects/hprc_r2/variant_benchmarking/concat_stratifications/GRCh38_no_alt/results/HG00735.strat_regions.bed.gz,/vast/palmer/pi/hall/wl474/projects/hprc_r2/variant_benchmarking/concat_stratifications/GRCh38_no_alt/results/HG00735.strat_regions.bed.gz.tbi
HG00738,/vast/palmer/pi/hall/wl474/projects/hprc_r2/variant_benchmarking/concat_stratifications/GRCh38_no_alt/results/HG00738.strat_regions.bed.gz,/vast/palmer/pi/hall/wl474/projects/hprc_r2/variant_benchmarking/concat_stratifications/GRCh38_no_alt/results/HG00738.strat_regions.bed.gz.tbi
HG00741,/vast/palmer/pi/hall/wl474/projects/hprc_r2/variant_benchmarking/concat_stratifications/GRCh38_no_alt/results/HG00741.strat_regions.bed.gz,/vast/palmer/pi/hall/wl474/projects/hprc_r2/variant_benchmarking/concat_stratifications/GRCh38_no_alt/results/HG00741.strat_regions.bed.gz.tbi
HG01071,/vast/palmer/pi/hall/wl474/projects/hprc_r2/variant_benchmarking/concat_stratifications/GRCh38_no_alt/results/HG01071.strat_regions.bed.gz,/vast/palmer/pi/hall/wl474/projects/hprc_r2/variant_benchmarking/concat_stratifications/GRCh38_no_alt/results/HG01071.strat_regions.bed.gz.tbi
HG01074,/vast/palmer/pi/hall/wl474/projects/hprc_r2/variant_benchmarking/concat_stratifications/GRCh38_no_alt/results/HG01074.strat_regions.bed.gz,/vast/palmer/pi/hall/wl474/projects/hprc_r2/variant_benchmarking/concat_stratifications/GRCh38_no_alt/results/HG01074.strat_regions.bed.gz.tbi
HG01081,/vast/palmer/pi/hall/wl474/projects/hprc_r2/variant_benchmarking/concat_stratifications/GRCh38_no_alt/results/HG01081.strat_regions.bed.gz,/vast/palmer/pi/hall/wl474/projects/hprc_r2/variant_benchmarking/concat_stratifications/GRCh38_no_alt/results/HG01081.strat_regions.bed.gz.tbi
HG01099,/vast/palmer/pi/hall/wl474/projects/hprc_r2/variant_benchmarking/concat_stratifications/GRCh38_no_alt/results/HG01099.strat_regions.bed.gz,/vast/palmer/pi/hall/wl474/projects/hprc_r2/variant_benchmarking/concat_stratifications/GRCh38_no_alt/results/HG01099.strat_regions.bed.gz.tbi
HG01106,/vast/palmer/pi/hall/wl474/projects/hprc_r2/variant_benchmarking/concat_stratifications/GRCh38_no_alt/results/HG01106.strat_regions.bed.gz,/vast/palmer/pi/hall/wl474/projects/hprc_r2/variant_benchmarking/concat_stratifications/GRCh38_no_alt/results/HG01106.strat_regions.bed.gz.tbi
HG01109,/vast/palmer/pi/hall/wl474/projects/hprc_r2/variant_benchmarking/concat_stratifications/GRCh38_no_alt/results/HG01109.strat_regions.bed.gz,/vast/palmer/pi/hall/wl474/projects/hprc_r2/variant_benchmarking/concat_stratifications/GRCh38_no_alt/results/HG01109.strat_regions.bed.gz.tbi
HG01123,/vast/palmer/pi/hall/wl474/projects/hprc_r2/variant_benchmarking/concat_stratifications/GRCh38_no_alt/results/HG01123.strat_regions.bed.gz,/vast/palmer/pi/hall/wl474/projects/hprc_r2/variant_benchmarking/concat_stratifications/GRCh38_no_alt/results/HG01123.strat_regions.bed.gz.tbi
HG01150,/vast/palmer/pi/hall/wl474/projects/hprc_r2/variant_benchmarking/concat_stratifications/GRCh38_no_alt/results/HG01150.strat_regions.bed.gz,/vast/palmer/pi/hall/wl474/projects/hprc_r2/variant_benchmarking/concat_stratifications/GRCh38_no_alt/results/HG01150.strat_regions.bed.gz.tbi
HG01167,/vast/palmer/pi/hall/wl474/projects/hprc_r2/variant_benchmarking/concat_stratifications/GRCh38_no_alt/results/HG01167.strat_regions.bed.gz,/vast/palmer/pi/hall/wl474/projects/hprc_r2/variant_benchmarking/concat_stratifications/GRCh38_no_alt/results/HG01167.strat_regions.bed.gz.tbi
HG01175,/vast/palmer/pi/hall/wl474/projects/hprc_r2/variant_benchmarking/concat_stratifications/GRCh38_no_alt/results/HG01175.strat_regions.bed.gz,/vast/palmer/pi/hall/wl474/projects/hprc_r2/variant_benchmarking/concat_stratifications/GRCh38_no_alt/results/HG01175.strat_regions.bed.gz.tbi
HG01192,/vast/palmer/pi/hall/wl474/projects/hprc_r2/variant_benchmarking/concat_stratifications/GRCh38_no_alt/results/HG01192.strat_regions.bed.gz,/vast/palmer/pi/hall/wl474/projects/hprc_r2/variant_benchmarking/concat_stratifications/GRCh38_no_alt/results/HG01192.strat_regions.bed.gz.tbi
HG01243,/vast/palmer/pi/hall/wl474/projects/hprc_r2/variant_benchmarking/concat_stratifications/GRCh38_no_alt/results/HG01243.strat_regions.bed.gz,/vast/palmer/pi/hall/wl474/projects/hprc_r2/variant_benchmarking/concat_stratifications/GRCh38_no_alt/results/HG01243.strat_regions.bed.gz.tbi
HG01252,/vast/palmer/pi/hall/wl474/projects/hprc_r2/variant_benchmarking/concat_stratifications/GRCh38_no_alt/results/HG01252.strat_regions.bed.gz,/vast/palmer/pi/hall/wl474/projects/hprc_r2/variant_benchmarking/concat_stratifications/GRCh38_no_alt/results/HG01252.strat_regions.bed.gz.tbi
HG01255,/vast/palmer/pi/hall/wl474/projects/hprc_r2/variant_benchmarking/concat_stratifications/GRCh38_no_alt/results/HG01255.strat_regions.bed.gz,/vast/palmer/pi/hall/wl474/projects/hprc_r2/variant_benchmarking/concat_stratifications/GRCh38_no_alt/results/HG01255.strat_regions.bed.gz.tbi
HG01258,/vast/palmer/pi/hall/wl474/projects/hprc_r2/variant_benchmarking/concat_stratifications/GRCh38_no_alt/results/HG01258.strat_regions.bed.gz,/vast/palmer/pi/hall/wl474/projects/hprc_r2/variant_benchmarking/concat_stratifications/GRCh38_no_alt/results/HG01258.strat_regions.bed.gz.tbi
HG01261,/vast/palmer/pi/hall/wl474/projects/hprc_r2/variant_benchmarking/concat_stratifications/GRCh38_no_alt/results/HG01261.strat_regions.bed.gz,/vast/palmer/pi/hall/wl474/projects/hprc_r2/variant_benchmarking/concat_stratifications/GRCh38_no_alt/results/HG01261.strat_regions.bed.gz.tbi
HG01346,/vast/palmer/pi/hall/wl474/projects/hprc_r2/variant_benchmarking/concat_stratifications/GRCh38_no_alt/results/HG01346.strat_regions.bed.gz,/vast/palmer/pi/hall/wl474/projects/hprc_r2/variant_benchmarking/concat_stratifications/GRCh38_no_alt/results/HG01346.strat_regions.bed.gz.tbi
HG01358,/vast/palmer/pi/hall/wl474/projects/hprc_r2/variant_benchmarking/concat_stratifications/GRCh38_no_alt/results/HG01358.strat_regions.bed.gz,/vast/palmer/pi/hall/wl474/projects/hprc_r2/variant_benchmarking/concat_stratifications/GRCh38_no_alt/results/HG01358.strat_regions.bed.gz.tbi
HG01361,/vast/palmer/pi/hall/wl474/projects/hprc_r2/variant_benchmarking/concat_stratifications/GRCh38_no_alt/results/HG01361.strat_regions.bed.gz,/vast/palmer/pi/hall/wl474/projects/hprc_r2/variant_benchmarking/concat_stratifications/GRCh38_no_alt/results/HG01361.strat_regions.bed.gz.tbi
HG01433,/vast/palmer/pi/hall/wl474/projects/hprc_r2/variant_benchmarking/concat_stratifications/GRCh38_no_alt/results/HG01433.strat_regions.bed.gz,/vast/palmer/pi/hall/wl474/projects/hprc_r2/variant_benchmarking/concat_stratifications/GRCh38_no_alt/results/HG01433.strat_regions.bed.gz.tbi
HG01496,/vast/palmer/pi/hall/wl474/projects/hprc_r2/variant_benchmarking/concat_stratifications/GRCh38_no_alt/results/HG01496.strat_regions.bed.gz,/vast/palmer/pi/hall/wl474/projects/hprc_r2/variant_benchmarking/concat_stratifications/GRCh38_no_alt/results/HG01496.strat_regions.bed.gz.tbi
HG01530,/vast/palmer/pi/hall/wl474/projects/hprc_r2/variant_benchmarking/concat_stratifications/GRCh38_no_alt/results/HG01530.strat_regions.bed.gz,/vast/palmer/pi/hall/wl474/projects/hprc_r2/variant_benchmarking/concat_stratifications/GRCh38_no_alt/results/HG01530.strat_regions.bed.gz.tbi
HG01784,/vast/palmer/pi/hall/wl474/projects/hprc_r2/variant_benchmarking/concat_stratifications/GRCh38_no_alt/results/HG01784.strat_regions.bed.gz,/vast/palmer/pi/hall/wl474/projects/hprc_r2/variant_benchmarking/concat_stratifications/GRCh38_no_alt/results/HG01784.strat_regions.bed.gz.tbi
HG01786,/vast/palmer/pi/hall/wl474/projects/hprc_r2/variant_benchmarking/concat_stratifications/GRCh38_no_alt/results/HG01786.strat_regions.bed.gz,/vast/palmer/pi/hall/wl474/projects/hprc_r2/variant_benchmarking/concat_stratifications/GRCh38_no_alt/results/HG01786.strat_regions.bed.gz.tbi
HG01884,/vast/palmer/pi/hall/wl474/projects/hprc_r2/variant_benchmarking/concat_stratifications/GRCh38_no_alt/results/HG01884.strat_regions.bed.gz,/vast/palmer/pi/hall/wl474/projects/hprc_r2/variant_benchmarking/concat_stratifications/GRCh38_no_alt/results/HG01884.strat_regions.bed.gz.tbi
HG01891,/vast/palmer/pi/hall/wl474/projects/hprc_r2/variant_benchmarking/concat_stratifications/GRCh38_no_alt/results/HG01891.strat_regions.bed.gz,/vast/palmer/pi/hall/wl474/projects/hprc_r2/variant_benchmarking/concat_stratifications/GRCh38_no_alt/results/HG01891.strat_regions.bed.gz.tbi
HG01928,/vast/palmer/pi/hall/wl474/projects/hprc_r2/variant_benchmarking/concat_stratifications/GRCh38_no_alt/results/HG01928.strat_regions.bed.gz,/vast/palmer/pi/hall/wl474/projects/hprc_r2/variant_benchmarking/concat_stratifications/GRCh38_no_alt/results/HG01928.strat_regions.bed.gz.tbi
HG01934,/vast/palmer/pi/hall/wl474/projects/hprc_r2/variant_benchmarking/concat_stratifications/GRCh38_no_alt/results/HG01934.strat_regions.bed.gz,/vast/palmer/pi/hall/wl474/projects/hprc_r2/variant_benchmarking/concat_stratifications/GRCh38_no_alt/results/HG01934.strat_regions.bed.gz.tbi
HG01940,/vast/palmer/pi/hall/wl474/projects/hprc_r2/variant_benchmarking/concat_stratifications/GRCh38_no_alt/results/HG01940.strat_regions.bed.gz,/vast/palmer/pi/hall/wl474/projects/hprc_r2/variant_benchmarking/concat_stratifications/GRCh38_no_alt/results/HG01940.strat_regions.bed.gz.tbi
HG01943,/vast/palmer/pi/hall/wl474/projects/hprc_r2/variant_benchmarking/concat_stratifications/GRCh38_no_alt/results/HG01943.strat_regions.bed.gz,/vast/palmer/pi/hall/wl474/projects/hprc_r2/variant_benchmarking/concat_stratifications/GRCh38_no_alt/results/HG01943.strat_regions.bed.gz.tbi
HG01952,/vast/palmer/pi/hall/wl474/projects/hprc_r2/variant_benchmarking/concat_stratifications/GRCh38_no_alt/results/HG01952.strat_regions.bed.gz,/vast/palmer/pi/hall/wl474/projects/hprc_r2/variant_benchmarking/concat_stratifications/GRCh38_no_alt/results/HG01952.strat_regions.bed.gz.tbi
HG01960,/vast/palmer/pi/hall/wl474/projects/hprc_r2/variant_benchmarking/concat_stratifications/GRCh38_no_alt/results/HG01960.strat_regions.bed.gz,/vast/palmer/pi/hall/wl474/projects/hprc_r2/variant_benchmarking/concat_stratifications/GRCh38_no_alt/results/HG01960.strat_regions.bed.gz.tbi
HG01969,/vast/palmer/pi/hall/wl474/projects/hprc_r2/variant_benchmarking/concat_stratifications/GRCh38_no_alt/results/HG01969.strat_regions.bed.gz,/vast/palmer/pi/hall/wl474/projects/hprc_r2/variant_benchmarking/concat_stratifications/GRCh38_no_alt/results/HG01969.strat_regions.bed.gz.tbi
HG01975,/vast/palmer/pi/hall/wl474/projects/hprc_r2/variant_benchmarking/concat_stratifications/GRCh38_no_alt/results/HG01975.strat_regions.bed.gz,/vast/palmer/pi/hall/wl474/projects/hprc_r2/variant_benchmarking/concat_stratifications/GRCh38_no_alt/results/HG01975.strat_regions.bed.gz.tbi
HG01978,/vast/palmer/pi/hall/wl474/projects/hprc_r2/variant_benchmarking/concat_stratifications/GRCh38_no_alt/results/HG01978.strat_regions.bed.gz,/vast/palmer/pi/hall/wl474/projects/hprc_r2/variant_benchmarking/concat_stratifications/GRCh38_no_alt/results/HG01978.strat_regions.bed.gz.tbi
HG01981,/vast/palmer/pi/hall/wl474/projects/hprc_r2/variant_benchmarking/concat_stratifications/GRCh38_no_alt/results/HG01981.strat_regions.bed.gz,/vast/palmer/pi/hall/wl474/projects/hprc_r2/variant_benchmarking/concat_stratifications/GRCh38_no_alt/results/HG01981.strat_regions.bed.gz.tbi
HG01993,/vast/palmer/pi/hall/wl474/projects/hprc_r2/variant_benchmarking/concat_stratifications/GRCh38_no_alt/results/HG01993.strat_regions.bed.gz,/vast/palmer/pi/hall/wl474/projects/hprc_r2/variant_benchmarking/concat_stratifications/GRCh38_no_alt/results/HG01993.strat_regions.bed.gz.tbi
HG02004,/vast/palmer/pi/hall/wl474/projects/hprc_r2/variant_benchmarking/concat_stratifications/GRCh38_no_alt/results/HG02004.strat_regions.bed.gz,/vast/palmer/pi/hall/wl474/projects/hprc_r2/variant_benchmarking/concat_stratifications/GRCh38_no_alt/results/HG02004.strat_regions.bed.gz.tbi
HG02015,/vast/palmer/pi/hall/wl474/projects/hprc_r2/variant_benchmarking/concat_stratifications/GRCh38_no_alt/results/HG02015.strat_regions.bed.gz,/vast/palmer/pi/hall/wl474/projects/hprc_r2/variant_benchmarking/concat_stratifications/GRCh38_no_alt/results/HG02015.strat_regions.bed.gz.tbi
HG02027,/vast/palmer/pi/hall/wl474/projects/hprc_r2/variant_benchmarking/concat_stratifications/GRCh38_no_alt/results/HG02027.strat_regions.bed.gz,/vast/palmer/pi/hall/wl474/projects/hprc_r2/variant_benchmarking/concat_stratifications/GRCh38_no_alt/results/HG02027.strat_regions.bed.gz.tbi
HG02040,/vast/palmer/pi/hall/wl474/projects/hprc_r2/variant_benchmarking/concat_stratifications/GRCh38_no_alt/results/HG02040.strat_regions.bed.gz,/vast/palmer/pi/hall/wl474/projects/hprc_r2/variant_benchmarking/concat_stratifications/GRCh38_no_alt/results/HG02040.strat_regions.bed.gz.tbi
HG02055,/vast/palmer/pi/hall/wl474/projects/hprc_r2/variant_benchmarking/concat_stratifications/GRCh38_no_alt/results/HG02055.strat_regions.bed.gz,/vast/palmer/pi/hall/wl474/projects/hprc_r2/variant_benchmarking/concat_stratifications/GRCh38_no_alt/results/HG02055.strat_regions.bed.gz.tbi
HG02056,/vast/palmer/pi/hall/wl474/projects/hprc_r2/variant_benchmarking/concat_stratifications/GRCh38_no_alt/results/HG02056.strat_regions.bed.gz,/vast/palmer/pi/hall/wl474/projects/hprc_r2/variant_benchmarking/concat_stratifications/GRCh38_no_alt/results/HG02056.strat_regions.bed.gz.tbi
HG02071,/vast/palmer/pi/hall/wl474/projects/hprc_r2/variant_benchmarking/concat_stratifications/GRCh38_no_alt/results/HG02071.strat_regions.bed.gz,/vast/palmer/pi/hall/wl474/projects/hprc_r2/variant_benchmarking/concat_stratifications/GRCh38_no_alt/results/HG02071.strat_regions.bed.gz.tbi
HG02074,/vast/palmer/pi/hall/wl474/projects/hprc_r2/variant_benchmarking/concat_stratifications/GRCh38_no_alt/results/HG02074.strat_regions.bed.gz,/vast/palmer/pi/hall/wl474/projects/hprc_r2/variant_benchmarking/concat_stratifications/GRCh38_no_alt/results/HG02074.strat_regions.bed.gz.tbi
HG02080,/vast/palmer/pi/hall/wl474/projects/hprc_r2/variant_benchmarking/concat_stratifications/GRCh38_no_alt/results/HG02080.strat_regions.bed.gz,/vast/palmer/pi/hall/wl474/projects/hprc_r2/variant_benchmarking/concat_stratifications/GRCh38_no_alt/results/HG02080.strat_regions.bed.gz.tbi
HG02083,/vast/palmer/pi/hall/wl474/projects/hprc_r2/variant_benchmarking/concat_stratifications/GRCh38_no_alt/results/HG02083.strat_regions.bed.gz,/vast/palmer/pi/hall/wl474/projects/hprc_r2/variant_benchmarking/concat_stratifications/GRCh38_no_alt/results/HG02083.strat_regions.bed.gz.tbi
HG02109,/vast/palmer/pi/hall/wl474/projects/hprc_r2/variant_benchmarking/concat_stratifications/GRCh38_no_alt/results/HG02109.strat_regions.bed.gz,/vast/palmer/pi/hall/wl474/projects/hprc_r2/variant_benchmarking/concat_stratifications/GRCh38_no_alt/results/HG02109.strat_regions.bed.gz.tbi
HG02129,/vast/palmer/pi/hall/wl474/projects/hprc_r2/variant_benchmarking/concat_stratifications/GRCh38_no_alt/results/HG02129.strat_regions.bed.gz,/vast/palmer/pi/hall/wl474/projects/hprc_r2/variant_benchmarking/concat_stratifications/GRCh38_no_alt/results/HG02129.strat_regions.bed.gz.tbi
HG02132,/vast/palmer/pi/hall/wl474/projects/hprc_r2/variant_benchmarking/concat_stratifications/GRCh38_no_alt/results/HG02132.strat_regions.bed.gz,/vast/palmer/pi/hall/wl474/projects/hprc_r2/variant_benchmarking/concat_stratifications/GRCh38_no_alt/results/HG02132.strat_regions.bed.gz.tbi
HG02135,/vast/palmer/pi/hall/wl474/projects/hprc_r2/variant_benchmarking/concat_stratifications/GRCh38_no_alt/results/HG02135.strat_regions.bed.gz,/vast/palmer/pi/hall/wl474/projects/hprc_r2/variant_benchmarking/concat_stratifications/GRCh38_no_alt/results/HG02135.strat_regions.bed.gz.tbi
HG02145,/vast/palmer/pi/hall/wl474/projects/hprc_r2/variant_benchmarking/concat_stratifications/GRCh38_no_alt/results/HG02145.strat_regions.bed.gz,/vast/palmer/pi/hall/wl474/projects/hprc_r2/variant_benchmarking/concat_stratifications/GRCh38_no_alt/results/HG02145.strat_regions.bed.gz.tbi
HG02148,/vast/palmer/pi/hall/wl474/projects/hprc_r2/variant_benchmarking/concat_stratifications/GRCh38_no_alt/results/HG02148.strat_regions.bed.gz,/vast/palmer/pi/hall/wl474/projects/hprc_r2/variant_benchmarking/concat_stratifications/GRCh38_no_alt/results/HG02148.strat_regions.bed.gz.tbi
HG02155,/vast/palmer/pi/hall/wl474/projects/hprc_r2/variant_benchmarking/concat_stratifications/GRCh38_no_alt/results/HG02155.strat_regions.bed.gz,/vast/palmer/pi/hall/wl474/projects/hprc_r2/variant_benchmarking/concat_stratifications/GRCh38_no_alt/results/HG02155.strat_regions.bed.gz.tbi
HG02165,/vast/palmer/pi/hall/wl474/projects/hprc_r2/variant_benchmarking/concat_stratifications/GRCh38_no_alt/results/HG02165.strat_regions.bed.gz,/vast/palmer/pi/hall/wl474/projects/hprc_r2/variant_benchmarking/concat_stratifications/GRCh38_no_alt/results/HG02165.strat_regions.bed.gz.tbi
HG02178,/vast/palmer/pi/hall/wl474/projects/hprc_r2/variant_benchmarking/concat_stratifications/GRCh38_no_alt/results/HG02178.strat_regions.bed.gz,/vast/palmer/pi/hall/wl474/projects/hprc_r2/variant_benchmarking/concat_stratifications/GRCh38_no_alt/results/HG02178.strat_regions.bed.gz.tbi
HG02257,/vast/palmer/pi/hall/wl474/projects/hprc_r2/variant_benchmarking/concat_stratifications/GRCh38_no_alt/results/HG02257.strat_regions.bed.gz,/vast/palmer/pi/hall/wl474/projects/hprc_r2/variant_benchmarking/concat_stratifications/GRCh38_no_alt/results/HG02257.strat_regions.bed.gz.tbi
HG02258,/vast/palmer/pi/hall/wl474/projects/hprc_r2/variant_benchmarking/concat_stratifications/GRCh38_no_alt/results/HG02258.strat_regions.bed.gz,/vast/palmer/pi/hall/wl474/projects/hprc_r2/variant_benchmarking/concat_stratifications/GRCh38_no_alt/results/HG02258.strat_regions.bed.gz.tbi
HG02273,/vast/palmer/pi/hall/wl474/projects/hprc_r2/variant_benchmarking/concat_stratifications/GRCh38_no_alt/results/HG02273.strat_regions.bed.gz,/vast/palmer/pi/hall/wl474/projects/hprc_r2/variant_benchmarking/concat_stratifications/GRCh38_no_alt/results/HG02273.strat_regions.bed.gz.tbi
HG02280,/vast/palmer/pi/hall/wl474/projects/hprc_r2/variant_benchmarking/concat_stratifications/GRCh38_no_alt/results/HG02280.strat_regions.bed.gz,/vast/palmer/pi/hall/wl474/projects/hprc_r2/variant_benchmarking/concat_stratifications/GRCh38_no_alt/results/HG02280.strat_regions.bed.gz.tbi
HG02293,/vast/palmer/pi/hall/wl474/projects/hprc_r2/variant_benchmarking/concat_stratifications/GRCh38_no_alt/results/HG02293.strat_regions.bed.gz,/vast/palmer/pi/hall/wl474/projects/hprc_r2/variant_benchmarking/concat_stratifications/GRCh38_no_alt/results/HG02293.strat_regions.bed.gz.tbi
HG02300,/vast/palmer/pi/hall/wl474/projects/hprc_r2/variant_benchmarking/concat_stratifications/GRCh38_no_alt/results/HG02300.strat_regions.bed.gz,/vast/palmer/pi/hall/wl474/projects/hprc_r2/variant_benchmarking/concat_stratifications/GRCh38_no_alt/results/HG02300.strat_regions.bed.gz.tbi
HG02391,/vast/palmer/pi/hall/wl474/projects/hprc_r2/variant_benchmarking/concat_stratifications/GRCh38_no_alt/results/HG02391.strat_regions.bed.gz,/vast/palmer/pi/hall/wl474/projects/hprc_r2/variant_benchmarking/concat_stratifications/GRCh38_no_alt/results/HG02391.strat_regions.bed.gz.tbi
HG02392,/vast/palmer/pi/hall/wl474/projects/hprc_r2/variant_benchmarking/concat_stratifications/GRCh38_no_alt/results/HG02392.strat_regions.bed.gz,/vast/palmer/pi/hall/wl474/projects/hprc_r2/variant_benchmarking/concat_stratifications/GRCh38_no_alt/results/HG02392.strat_regions.bed.gz.tbi
HG02451,/vast/palmer/pi/hall/wl474/projects/hprc_r2/variant_benchmarking/concat_stratifications/GRCh38_no_alt/results/HG02451.strat_regions.bed.gz,/vast/palmer/pi/hall/wl474/projects/hprc_r2/variant_benchmarking/concat_stratifications/GRCh38_no_alt/results/HG02451.strat_regions.bed.gz.tbi
HG02486,/vast/palmer/pi/hall/wl474/projects/hprc_r2/variant_benchmarking/concat_stratifications/GRCh38_no_alt/results/HG02486.strat_regions.bed.gz,/vast/palmer/pi/hall/wl474/projects/hprc_r2/variant_benchmarking/concat_stratifications/GRCh38_no_alt/results/HG02486.strat_regions.bed.gz.tbi
HG02514,/vast/palmer/pi/hall/wl474/projects/hprc_r2/variant_benchmarking/concat_stratifications/GRCh38_no_alt/results/HG02514.strat_regions.bed.gz,/vast/palmer/pi/hall/wl474/projects/hprc_r2/variant_benchmarking/concat_stratifications/GRCh38_no_alt/results/HG02514.strat_regions.bed.gz.tbi
HG02523,/vast/palmer/pi/hall/wl474/projects/hprc_r2/variant_benchmarking/concat_stratifications/GRCh38_no_alt/results/HG02523.strat_regions.bed.gz,/vast/palmer/pi/hall/wl474/projects/hprc_r2/variant_benchmarking/concat_stratifications/GRCh38_no_alt/results/HG02523.strat_regions.bed.gz.tbi
HG02559,/vast/palmer/pi/hall/wl474/projects/hprc_r2/variant_benchmarking/concat_stratifications/GRCh38_no_alt/results/HG02559.strat_regions.bed.gz,/vast/palmer/pi/hall/wl474/projects/hprc_r2/variant_benchmarking/concat_stratifications/GRCh38_no_alt/results/HG02559.strat_regions.bed.gz.tbi
HG02572,/vast/palmer/pi/hall/wl474/projects/hprc_r2/variant_benchmarking/concat_stratifications/GRCh38_no_alt/results/HG02572.strat_regions.bed.gz,/vast/palmer/pi/hall/wl474/projects/hprc_r2/variant_benchmarking/concat_stratifications/GRCh38_no_alt/results/HG02572.strat_regions.bed.gz.tbi
HG02583,/vast/palmer/pi/hall/wl474/projects/hprc_r2/variant_benchmarking/concat_stratifications/GRCh38_no_alt/results/HG02583.strat_regions.bed.gz,/vast/palmer/pi/hall/wl474/projects/hprc_r2/variant_benchmarking/concat_stratifications/GRCh38_no_alt/results/HG02583.strat_regions.bed.gz.tbi
HG02602,/vast/palmer/pi/hall/wl474/projects/hprc_r2/variant_benchmarking/concat_stratifications/GRCh38_no_alt/results/HG02602.strat_regions.bed.gz,/vast/palmer/pi/hall/wl474/projects/hprc_r2/variant_benchmarking/concat_stratifications/GRCh38_no_alt/results/HG02602.strat_regions.bed.gz.tbi
HG02615,/vast/palmer/pi/hall/wl474/projects/hprc_r2/variant_benchmarking/concat_stratifications/GRCh38_no_alt/results/HG02615.strat_regions.bed.gz,/vast/palmer/pi/hall/wl474/projects/hprc_r2/variant_benchmarking/concat_stratifications/GRCh38_no_alt/results/HG02615.strat_regions.bed.gz.tbi
HG02622,/vast/palmer/pi/hall/wl474/projects/hprc_r2/variant_benchmarking/concat_stratifications/GRCh38_no_alt/results/HG02622.strat_regions.bed.gz,/vast/palmer/pi/hall/wl474/projects/hprc_r2/variant_benchmarking/concat_stratifications/GRCh38_no_alt/results/HG02622.strat_regions.bed.gz.tbi
HG02630,/vast/palmer/pi/hall/wl474/projects/hprc_r2/variant_benchmarking/concat_stratifications/GRCh38_no_alt/results/HG02630.strat_regions.bed.gz,/vast/palmer/pi/hall/wl474/projects/hprc_r2/variant_benchmarking/concat_stratifications/GRCh38_no_alt/results/HG02630.strat_regions.bed.gz.tbi
HG02647,/vast/palmer/pi/hall/wl474/projects/hprc_r2/variant_benchmarking/concat_stratifications/GRCh38_no_alt/results/HG02647.strat_regions.bed.gz,/vast/palmer/pi/hall/wl474/projects/hprc_r2/variant_benchmarking/concat_stratifications/GRCh38_no_alt/results/HG02647.strat_regions.bed.gz.tbi
HG02668,/vast/palmer/pi/hall/wl474/projects/hprc_r2/variant_benchmarking/concat_stratifications/GRCh38_no_alt/results/HG02668.strat_regions.bed.gz,/vast/palmer/pi/hall/wl474/projects/hprc_r2/variant_benchmarking/concat_stratifications/GRCh38_no_alt/results/HG02668.strat_regions.bed.gz.tbi
HG02698,/vast/palmer/pi/hall/wl474/projects/hprc_r2/variant_benchmarking/concat_stratifications/GRCh38_no_alt/results/HG02698.strat_regions.bed.gz,/vast/palmer/pi/hall/wl474/projects/hprc_r2/variant_benchmarking/concat_stratifications/GRCh38_no_alt/results/HG02698.strat_regions.bed.gz.tbi
HG02717,/vast/palmer/pi/hall/wl474/projects/hprc_r2/variant_benchmarking/concat_stratifications/GRCh38_no_alt/results/HG02717.strat_regions.bed.gz,/vast/palmer/pi/hall/wl474/projects/hprc_r2/variant_benchmarking/concat_stratifications/GRCh38_no_alt/results/HG02717.strat_regions.bed.gz.tbi
HG02723,/vast/palmer/pi/hall/wl474/projects/hprc_r2/variant_benchmarking/concat_stratifications/GRCh38_no_alt/results/HG02723.strat_regions.bed.gz,/vast/palmer/pi/hall/wl474/projects/hprc_r2/variant_benchmarking/concat_stratifications/GRCh38_no_alt/results/HG02723.strat_regions.bed.gz.tbi
HG02735,/vast/palmer/pi/hall/wl474/projects/hprc_r2/variant_benchmarking/concat_stratifications/GRCh38_no_alt/results/HG02735.strat_regions.bed.gz,/vast/palmer/pi/hall/wl474/projects/hprc_r2/variant_benchmarking/concat_stratifications/GRCh38_no_alt/results/HG02735.strat_regions.bed.gz.tbi
HG02738,/vast/palmer/pi/hall/wl474/projects/hprc_r2/variant_benchmarking/concat_stratifications/GRCh38_no_alt/results/HG02738.strat_regions.bed.gz,/vast/palmer/pi/hall/wl474/projects/hprc_r2/variant_benchmarking/concat_stratifications/GRCh38_no_alt/results/HG02738.strat_regions.bed.gz.tbi
HG02809,/vast/palmer/pi/hall/wl474/projects/hprc_r2/variant_benchmarking/concat_stratifications/GRCh38_no_alt/results/HG02809.strat_regions.bed.gz,/vast/palmer/pi/hall/wl474/projects/hprc_r2/variant_benchmarking/concat_stratifications/GRCh38_no_alt/results/HG02809.strat_regions.bed.gz.tbi
HG02818,/vast/palmer/pi/hall/wl474/projects/hprc_r2/variant_benchmarking/concat_stratifications/GRCh38_no_alt/results/HG02818.strat_regions.bed.gz,/vast/palmer/pi/hall/wl474/projects/hprc_r2/variant_benchmarking/concat_stratifications/GRCh38_no_alt/results/HG02818.strat_regions.bed.gz.tbi
HG02841,/vast/palmer/pi/hall/wl474/projects/hprc_r2/variant_benchmarking/concat_stratifications/GRCh38_no_alt/results/HG02841.strat_regions.bed.gz,/vast/palmer/pi/hall/wl474/projects/hprc_r2/variant_benchmarking/concat_stratifications/GRCh38_no_alt/results/HG02841.strat_regions.bed.gz.tbi
HG02886,/vast/palmer/pi/hall/wl474/projects/hprc_r2/variant_benchmarking/concat_stratifications/GRCh38_no_alt/results/HG02886.strat_regions.bed.gz,/vast/palmer/pi/hall/wl474/projects/hprc_r2/variant_benchmarking/concat_stratifications/GRCh38_no_alt/results/HG02886.strat_regions.bed.gz.tbi
HG02922,/vast/palmer/pi/hall/wl474/projects/hprc_r2/variant_benchmarking/concat_stratifications/GRCh38_no_alt/results/HG02922.strat_regions.bed.gz,/vast/palmer/pi/hall/wl474/projects/hprc_r2/variant_benchmarking/concat_stratifications/GRCh38_no_alt/results/HG02922.strat_regions.bed.gz.tbi
HG02965,/vast/palmer/pi/hall/wl474/projects/hprc_r2/variant_benchmarking/concat_stratifications/GRCh38_no_alt/results/HG02965.strat_regions.bed.gz,/vast/palmer/pi/hall/wl474/projects/hprc_r2/variant_benchmarking/concat_stratifications/GRCh38_no_alt/results/HG02965.strat_regions.bed.gz.tbi
HG02976,/vast/palmer/pi/hall/wl474/projects/hprc_r2/variant_benchmarking/concat_stratifications/GRCh38_no_alt/results/HG02976.strat_regions.bed.gz,/vast/palmer/pi/hall/wl474/projects/hprc_r2/variant_benchmarking/concat_stratifications/GRCh38_no_alt/results/HG02976.strat_regions.bed.gz.tbi
HG02984,/vast/palmer/pi/hall/wl474/projects/hprc_r2/variant_benchmarking/concat_stratifications/GRCh38_no_alt/results/HG02984.strat_regions.bed.gz,/vast/palmer/pi/hall/wl474/projects/hprc_r2/variant_benchmarking/concat_stratifications/GRCh38_no_alt/results/HG02984.strat_regions.bed.gz.tbi
HG03017,/vast/palmer/pi/hall/wl474/projects/hprc_r2/variant_benchmarking/concat_stratifications/GRCh38_no_alt/results/HG03017.strat_regions.bed.gz,/vast/palmer/pi/hall/wl474/projects/hprc_r2/variant_benchmarking/concat_stratifications/GRCh38_no_alt/results/HG03017.strat_regions.bed.gz.tbi
HG03041,/vast/palmer/pi/hall/wl474/projects/hprc_r2/variant_benchmarking/concat_stratifications/GRCh38_no_alt/results/HG03041.strat_regions.bed.gz,/vast/palmer/pi/hall/wl474/projects/hprc_r2/variant_benchmarking/concat_stratifications/GRCh38_no_alt/results/HG03041.strat_regions.bed.gz.tbi
HG03050,/vast/palmer/pi/hall/wl474/projects/hprc_r2/variant_benchmarking/concat_stratifications/GRCh38_no_alt/results/HG03050.strat_regions.bed.gz,/vast/palmer/pi/hall/wl474/projects/hprc_r2/variant_benchmarking/concat_stratifications/GRCh38_no_alt/results/HG03050.strat_regions.bed.gz.tbi
HG03098,/vast/palmer/pi/hall/wl474/projects/hprc_r2/variant_benchmarking/concat_stratifications/GRCh38_no_alt/results/HG03098.strat_regions.bed.gz,/vast/palmer/pi/hall/wl474/projects/hprc_r2/variant_benchmarking/concat_stratifications/GRCh38_no_alt/results/HG03098.strat_regions.bed.gz.tbi
HG03130,/vast/palmer/pi/hall/wl474/projects/hprc_r2/variant_benchmarking/concat_stratifications/GRCh38_no_alt/results/HG03130.strat_regions.bed.gz,/vast/palmer/pi/hall/wl474/projects/hprc_r2/variant_benchmarking/concat_stratifications/GRCh38_no_alt/results/HG03130.strat_regions.bed.gz.tbi
HG03139,/vast/palmer/pi/hall/wl474/projects/hprc_r2/variant_benchmarking/concat_stratifications/GRCh38_no_alt/results/HG03139.strat_regions.bed.gz,/vast/palmer/pi/hall/wl474/projects/hprc_r2/variant_benchmarking/concat_stratifications/GRCh38_no_alt/results/HG03139.strat_regions.bed.gz.tbi
HG03195,/vast/palmer/pi/hall/wl474/projects/hprc_r2/variant_benchmarking/concat_stratifications/GRCh38_no_alt/results/HG03195.strat_regions.bed.gz,/vast/palmer/pi/hall/wl474/projects/hprc_r2/variant_benchmarking/concat_stratifications/GRCh38_no_alt/results/HG03195.strat_regions.bed.gz.tbi
HG03209,/vast/palmer/pi/hall/wl474/projects/hprc_r2/variant_benchmarking/concat_stratifications/GRCh38_no_alt/results/HG03209.strat_regions.bed.gz,/vast/palmer/pi/hall/wl474/projects/hprc_r2/variant_benchmarking/concat_stratifications/GRCh38_no_alt/results/HG03209.strat_regions.bed.gz.tbi
HG03225,/vast/palmer/pi/hall/wl474/projects/hprc_r2/variant_benchmarking/concat_stratifications/GRCh38_no_alt/results/HG03225.strat_regions.bed.gz,/vast/palmer/pi/hall/wl474/projects/hprc_r2/variant_benchmarking/concat_stratifications/GRCh38_no_alt/results/HG03225.strat_regions.bed.gz.tbi
HG03239,/vast/palmer/pi/hall/wl474/projects/hprc_r2/variant_benchmarking/concat_stratifications/GRCh38_no_alt/results/HG03239.strat_regions.bed.gz,/vast/palmer/pi/hall/wl474/projects/hprc_r2/variant_benchmarking/concat_stratifications/GRCh38_no_alt/results/HG03239.strat_regions.bed.gz.tbi
HG03270,/vast/palmer/pi/hall/wl474/projects/hprc_r2/variant_benchmarking/concat_stratifications/GRCh38_no_alt/results/HG03270.strat_regions.bed.gz,/vast/palmer/pi/hall/wl474/projects/hprc_r2/variant_benchmarking/concat_stratifications/GRCh38_no_alt/results/HG03270.strat_regions.bed.gz.tbi
HG03369,/vast/palmer/pi/hall/wl474/projects/hprc_r2/variant_benchmarking/concat_stratifications/GRCh38_no_alt/results/HG03369.strat_regions.bed.gz,/vast/palmer/pi/hall/wl474/projects/hprc_r2/variant_benchmarking/concat_stratifications/GRCh38_no_alt/results/HG03369.strat_regions.bed.gz.tbi
HG03453,/vast/palmer/pi/hall/wl474/projects/hprc_r2/variant_benchmarking/concat_stratifications/GRCh38_no_alt/results/HG03453.strat_regions.bed.gz,/vast/palmer/pi/hall/wl474/projects/hprc_r2/variant_benchmarking/concat_stratifications/GRCh38_no_alt/results/HG03453.strat_regions.bed.gz.tbi
HG03470,/vast/palmer/pi/hall/wl474/projects/hprc_r2/variant_benchmarking/concat_stratifications/GRCh38_no_alt/results/HG03470.strat_regions.bed.gz,/vast/palmer/pi/hall/wl474/projects/hprc_r2/variant_benchmarking/concat_stratifications/GRCh38_no_alt/results/HG03470.strat_regions.bed.gz.tbi
HG03471,/vast/palmer/pi/hall/wl474/projects/hprc_r2/variant_benchmarking/concat_stratifications/GRCh38_no_alt/results/HG03471.strat_regions.bed.gz,/vast/palmer/pi/hall/wl474/projects/hprc_r2/variant_benchmarking/concat_stratifications/GRCh38_no_alt/results/HG03471.strat_regions.bed.gz.tbi
HG03486,/vast/palmer/pi/hall/wl474/projects/hprc_r2/variant_benchmarking/concat_stratifications/GRCh38_no_alt/results/HG03486.strat_regions.bed.gz,/vast/palmer/pi/hall/wl474/projects/hprc_r2/variant_benchmarking/concat_stratifications/GRCh38_no_alt/results/HG03486.strat_regions.bed.gz.tbi
HG03516,/vast/palmer/pi/hall/wl474/projects/hprc_r2/variant_benchmarking/concat_stratifications/GRCh38_no_alt/results/HG03516.strat_regions.bed.gz,/vast/palmer/pi/hall/wl474/projects/hprc_r2/variant_benchmarking/concat_stratifications/GRCh38_no_alt/results/HG03516.strat_regions.bed.gz.tbi
HG03521,/vast/palmer/pi/hall/wl474/projects/hprc_r2/variant_benchmarking/concat_stratifications/GRCh38_no_alt/results/HG03521.strat_regions.bed.gz,/vast/palmer/pi/hall/wl474/projects/hprc_r2/variant_benchmarking/concat_stratifications/GRCh38_no_alt/results/HG03521.strat_regions.bed.gz.tbi
HG03540,/vast/palmer/pi/hall/wl474/projects/hprc_r2/variant_benchmarking/concat_stratifications/GRCh38_no_alt/results/HG03540.strat_regions.bed.gz,/vast/palmer/pi/hall/wl474/projects/hprc_r2/variant_benchmarking/concat_stratifications/GRCh38_no_alt/results/HG03540.strat_regions.bed.gz.tbi
HG03579,/vast/palmer/pi/hall/wl474/projects/hprc_r2/variant_benchmarking/concat_stratifications/GRCh38_no_alt/results/HG03579.strat_regions.bed.gz,/vast/palmer/pi/hall/wl474/projects/hprc_r2/variant_benchmarking/concat_stratifications/GRCh38_no_alt/results/HG03579.strat_regions.bed.gz.tbi
HG03583,/vast/palmer/pi/hall/wl474/projects/hprc_r2/variant_benchmarking/concat_stratifications/GRCh38_no_alt/results/HG03583.strat_regions.bed.gz,/vast/palmer/pi/hall/wl474/projects/hprc_r2/variant_benchmarking/concat_stratifications/GRCh38_no_alt/results/HG03583.strat_regions.bed.gz.tbi
HG03654,/vast/palmer/pi/hall/wl474/projects/hprc_r2/variant_benchmarking/concat_stratifications/GRCh38_no_alt/results/HG03654.strat_regions.bed.gz,/vast/palmer/pi/hall/wl474/projects/hprc_r2/variant_benchmarking/concat_stratifications/GRCh38_no_alt/results/HG03654.strat_regions.bed.gz.tbi
HG03669,/vast/palmer/pi/hall/wl474/projects/hprc_r2/variant_benchmarking/concat_stratifications/GRCh38_no_alt/results/HG03669.strat_regions.bed.gz,/vast/palmer/pi/hall/wl474/projects/hprc_r2/variant_benchmarking/concat_stratifications/GRCh38_no_alt/results/HG03669.strat_regions.bed.gz.tbi
HG03688,/vast/palmer/pi/hall/wl474/projects/hprc_r2/variant_benchmarking/concat_stratifications/GRCh38_no_alt/results/HG03688.strat_regions.bed.gz,/vast/palmer/pi/hall/wl474/projects/hprc_r2/variant_benchmarking/concat_stratifications/GRCh38_no_alt/results/HG03688.strat_regions.bed.gz.tbi
HG03704,/vast/palmer/pi/hall/wl474/projects/hprc_r2/variant_benchmarking/concat_stratifications/GRCh38_no_alt/results/HG03704.strat_regions.bed.gz,/vast/palmer/pi/hall/wl474/projects/hprc_r2/variant_benchmarking/concat_stratifications/GRCh38_no_alt/results/HG03704.strat_regions.bed.gz.tbi
HG03710,/vast/palmer/pi/hall/wl474/projects/hprc_r2/variant_benchmarking/concat_stratifications/GRCh38_no_alt/results/HG03710.strat_regions.bed.gz,/vast/palmer/pi/hall/wl474/projects/hprc_r2/variant_benchmarking/concat_stratifications/GRCh38_no_alt/results/HG03710.strat_regions.bed.gz.tbi
HG03742,/vast/palmer/pi/hall/wl474/projects/hprc_r2/variant_benchmarking/concat_stratifications/GRCh38_no_alt/results/HG03742.strat_regions.bed.gz,/vast/palmer/pi/hall/wl474/projects/hprc_r2/variant_benchmarking/concat_stratifications/GRCh38_no_alt/results/HG03742.strat_regions.bed.gz.tbi
HG03784,/vast/palmer/pi/hall/wl474/projects/hprc_r2/variant_benchmarking/concat_stratifications/GRCh38_no_alt/results/HG03784.strat_regions.bed.gz,/vast/palmer/pi/hall/wl474/projects/hprc_r2/variant_benchmarking/concat_stratifications/GRCh38_no_alt/results/HG03784.strat_regions.bed.gz.tbi
HG03804,/vast/palmer/pi/hall/wl474/projects/hprc_r2/variant_benchmarking/concat_stratifications/GRCh38_no_alt/results/HG03804.strat_regions.bed.gz,/vast/palmer/pi/hall/wl474/projects/hprc_r2/variant_benchmarking/concat_stratifications/GRCh38_no_alt/results/HG03804.strat_regions.bed.gz.tbi
HG03816,/vast/palmer/pi/hall/wl474/projects/hprc_r2/variant_benchmarking/concat_stratifications/GRCh38_no_alt/results/HG03816.strat_regions.bed.gz,/vast/palmer/pi/hall/wl474/projects/hprc_r2/variant_benchmarking/concat_stratifications/GRCh38_no_alt/results/HG03816.strat_regions.bed.gz.tbi
HG03831,/vast/palmer/pi/hall/wl474/projects/hprc_r2/variant_benchmarking/concat_stratifications/GRCh38_no_alt/results/HG03831.strat_regions.bed.gz,/vast/palmer/pi/hall/wl474/projects/hprc_r2/variant_benchmarking/concat_stratifications/GRCh38_no_alt/results/HG03831.strat_regions.bed.gz.tbi
HG03834,/vast/palmer/pi/hall/wl474/projects/hprc_r2/variant_benchmarking/concat_stratifications/GRCh38_no_alt/results/HG03834.strat_regions.bed.gz,/vast/palmer/pi/hall/wl474/projects/hprc_r2/variant_benchmarking/concat_stratifications/GRCh38_no_alt/results/HG03834.strat_regions.bed.gz.tbi
HG03874,/vast/palmer/pi/hall/wl474/projects/hprc_r2/variant_benchmarking/concat_stratifications/GRCh38_no_alt/results/HG03874.strat_regions.bed.gz,/vast/palmer/pi/hall/wl474/projects/hprc_r2/variant_benchmarking/concat_stratifications/GRCh38_no_alt/results/HG03874.strat_regions.bed.gz.tbi
HG03927,/vast/palmer/pi/hall/wl474/projects/hprc_r2/variant_benchmarking/concat_stratifications/GRCh38_no_alt/results/HG03927.strat_regions.bed.gz,/vast/palmer/pi/hall/wl474/projects/hprc_r2/variant_benchmarking/concat_stratifications/GRCh38_no_alt/results/HG03927.strat_regions.bed.gz.tbi
HG03942,/vast/palmer/pi/hall/wl474/projects/hprc_r2/variant_benchmarking/concat_stratifications/GRCh38_no_alt/results/HG03942.strat_regions.bed.gz,/vast/palmer/pi/hall/wl474/projects/hprc_r2/variant_benchmarking/concat_stratifications/GRCh38_no_alt/results/HG03942.strat_regions.bed.gz.tbi
HG04115,/vast/palmer/pi/hall/wl474/projects/hprc_r2/variant_benchmarking/concat_stratifications/GRCh38_no_alt/results/HG04115.strat_regions.bed.gz,/vast/palmer/pi/hall/wl474/projects/hprc_r2/variant_benchmarking/concat_stratifications/GRCh38_no_alt/results/HG04115.strat_regions.bed.gz.tbi
HG04157,/vast/palmer/pi/hall/wl474/projects/hprc_r2/variant_benchmarking/concat_stratifications/GRCh38_no_alt/results/HG04157.strat_regions.bed.gz,/vast/palmer/pi/hall/wl474/projects/hprc_r2/variant_benchmarking/concat_stratifications/GRCh38_no_alt/results/HG04157.strat_regions.bed.gz.tbi
HG04160,/vast/palmer/pi/hall/wl474/projects/hprc_r2/variant_benchmarking/concat_stratifications/GRCh38_no_alt/results/HG04160.strat_regions.bed.gz,/vast/palmer/pi/hall/wl474/projects/hprc_r2/variant_benchmarking/concat_stratifications/GRCh38_no_alt/results/HG04160.strat_regions.bed.gz.tbi
HG04184,/vast/palmer/pi/hall/wl474/projects/hprc_r2/variant_benchmarking/concat_stratifications/GRCh38_no_alt/results/HG04184.strat_regions.bed.gz,/vast/palmer/pi/hall/wl474/projects/hprc_r2/variant_benchmarking/concat_stratifications/GRCh38_no_alt/results/HG04184.strat_regions.bed.gz.tbi
HG04187,/vast/palmer/pi/hall/wl474/projects/hprc_r2/variant_benchmarking/concat_stratifications/GRCh38_no_alt/results/HG04187.strat_regions.bed.gz,/vast/palmer/pi/hall/wl474/projects/hprc_r2/variant_benchmarking/concat_stratifications/GRCh38_no_alt/results/HG04187.strat_regions.bed.gz.tbi
HG04199,/vast/palmer/pi/hall/wl474/projects/hprc_r2/variant_benchmarking/concat_stratifications/GRCh38_no_alt/results/HG04199.strat_regions.bed.gz,/vast/palmer/pi/hall/wl474/projects/hprc_r2/variant_benchmarking/concat_stratifications/GRCh38_no_alt/results/HG04199.strat_regions.bed.gz.tbi
HG04204,/vast/palmer/pi/hall/wl474/projects/hprc_r2/variant_benchmarking/concat_stratifications/GRCh38_no_alt/results/HG04204.strat_regions.bed.gz,/vast/palmer/pi/hall/wl474/projects/hprc_r2/variant_benchmarking/concat_stratifications/GRCh38_no_alt/results/HG04204.strat_regions.bed.gz.tbi
HG04228,/vast/palmer/pi/hall/wl474/projects/hprc_r2/variant_benchmarking/concat_stratifications/GRCh38_no_alt/results/HG04228.strat_regions.bed.gz,/vast/palmer/pi/hall/wl474/projects/hprc_r2/variant_benchmarking/concat_stratifications/GRCh38_no_alt/results/HG04228.strat_regions.bed.gz.tbi
HG06807,/vast/palmer/pi/hall/wl474/projects/hprc_r2/variant_benchmarking/concat_stratifications/GRCh38_no_alt/results/HG06807.strat_regions.bed.gz,/vast/palmer/pi/hall/wl474/projects/hprc_r2/variant_benchmarking/concat_stratifications/GRCh38_no_alt/results/HG06807.strat_regions.bed.gz.tbi
NA18505,/vast/palmer/pi/hall/wl474/projects/hprc_r2/variant_benchmarking/concat_stratifications/GRCh38_no_alt/results/NA18505.strat_regions.bed.gz,/vast/palmer/pi/hall/wl474/projects/hprc_r2/variant_benchmarking/concat_stratifications/GRCh38_no_alt/results/NA18505.strat_regions.bed.gz.tbi
NA18508,/vast/palmer/pi/hall/wl474/projects/hprc_r2/variant_benchmarking/concat_stratifications/GRCh38_no_alt/results/NA18508.strat_regions.bed.gz,/vast/palmer/pi/hall/wl474/projects/hprc_r2/variant_benchmarking/concat_stratifications/GRCh38_no_alt/results/NA18508.strat_regions.bed.gz.tbi
NA18522,/vast/palmer/pi/hall/wl474/projects/hprc_r2/variant_benchmarking/concat_stratifications/GRCh38_no_alt/results/NA18522.strat_regions.bed.gz,/vast/palmer/pi/hall/wl474/projects/hprc_r2/variant_benchmarking/concat_stratifications/GRCh38_no_alt/results/NA18522.strat_regions.bed.gz.tbi
NA18565,/vast/palmer/pi/hall/wl474/projects/hprc_r2/variant_benchmarking/concat_stratifications/GRCh38_no_alt/results/NA18565.strat_regions.bed.gz,/vast/palmer/pi/hall/wl474/projects/hprc_r2/variant_benchmarking/concat_stratifications/GRCh38_no_alt/results/NA18565.strat_regions.bed.gz.tbi
NA18570,/vast/palmer/pi/hall/wl474/projects/hprc_r2/variant_benchmarking/concat_stratifications/GRCh38_no_alt/results/NA18570.strat_regions.bed.gz,/vast/palmer/pi/hall/wl474/projects/hprc_r2/variant_benchmarking/concat_stratifications/GRCh38_no_alt/results/NA18570.strat_regions.bed.gz.tbi
NA18608,/vast/palmer/pi/hall/wl474/projects/hprc_r2/variant_benchmarking/concat_stratifications/GRCh38_no_alt/results/NA18608.strat_regions.bed.gz,/vast/palmer/pi/hall/wl474/projects/hprc_r2/variant_benchmarking/concat_stratifications/GRCh38_no_alt/results/NA18608.strat_regions.bed.gz.tbi
NA18620,/vast/palmer/pi/hall/wl474/projects/hprc_r2/variant_benchmarking/concat_stratifications/GRCh38_no_alt/results/NA18620.strat_regions.bed.gz,/vast/palmer/pi/hall/wl474/projects/hprc_r2/variant_benchmarking/concat_stratifications/GRCh38_no_alt/results/NA18620.strat_regions.bed.gz.tbi
NA18747,/vast/palmer/pi/hall/wl474/projects/hprc_r2/variant_benchmarking/concat_stratifications/GRCh38_no_alt/results/NA18747.strat_regions.bed.gz,/vast/palmer/pi/hall/wl474/projects/hprc_r2/variant_benchmarking/concat_stratifications/GRCh38_no_alt/results/NA18747.strat_regions.bed.gz.tbi
NA18879,/vast/palmer/pi/hall/wl474/projects/hprc_r2/variant_benchmarking/concat_stratifications/GRCh38_no_alt/results/NA18879.strat_regions.bed.gz,/vast/palmer/pi/hall/wl474/projects/hprc_r2/variant_benchmarking/concat_stratifications/GRCh38_no_alt/results/NA18879.strat_regions.bed.gz.tbi
NA18906,/vast/palmer/pi/hall/wl474/projects/hprc_r2/variant_benchmarking/concat_stratifications/GRCh38_no_alt/results/NA18906.strat_regions.bed.gz,/vast/palmer/pi/hall/wl474/projects/hprc_r2/variant_benchmarking/concat_stratifications/GRCh38_no_alt/results/NA18906.strat_regions.bed.gz.tbi
NA18940,/vast/palmer/pi/hall/wl474/projects/hprc_r2/variant_benchmarking/concat_stratifications/GRCh38_no_alt/results/NA18940.strat_regions.bed.gz,/vast/palmer/pi/hall/wl474/projects/hprc_r2/variant_benchmarking/concat_stratifications/GRCh38_no_alt/results/NA18940.strat_regions.bed.gz.tbi
NA18943,/vast/palmer/pi/hall/wl474/projects/hprc_r2/variant_benchmarking/concat_stratifications/GRCh38_no_alt/results/NA18943.strat_regions.bed.gz,/vast/palmer/pi/hall/wl474/projects/hprc_r2/variant_benchmarking/concat_stratifications/GRCh38_no_alt/results/NA18943.strat_regions.bed.gz.tbi
NA18944,/vast/palmer/pi/hall/wl474/projects/hprc_r2/variant_benchmarking/concat_stratifications/GRCh38_no_alt/results/NA18944.strat_regions.bed.gz,/vast/palmer/pi/hall/wl474/projects/hprc_r2/variant_benchmarking/concat_stratifications/GRCh38_no_alt/results/NA18944.strat_regions.bed.gz.tbi
NA18945,/vast/palmer/pi/hall/wl474/projects/hprc_r2/variant_benchmarking/concat_stratifications/GRCh38_no_alt/results/NA18945.strat_regions.bed.gz,/vast/palmer/pi/hall/wl474/projects/hprc_r2/variant_benchmarking/concat_stratifications/GRCh38_no_alt/results/NA18945.strat_regions.bed.gz.tbi
NA18948,/vast/palmer/pi/hall/wl474/projects/hprc_r2/variant_benchmarking/concat_stratifications/GRCh38_no_alt/results/NA18948.strat_regions.bed.gz,/vast/palmer/pi/hall/wl474/projects/hprc_r2/variant_benchmarking/concat_stratifications/GRCh38_no_alt/results/NA18948.strat_regions.bed.gz.tbi
NA18952,/vast/palmer/pi/hall/wl474/projects/hprc_r2/variant_benchmarking/concat_stratifications/GRCh38_no_alt/results/NA18952.strat_regions.bed.gz,/vast/palmer/pi/hall/wl474/projects/hprc_r2/variant_benchmarking/concat_stratifications/GRCh38_no_alt/results/NA18952.strat_regions.bed.gz.tbi
NA18959,/vast/palmer/pi/hall/wl474/projects/hprc_r2/variant_benchmarking/concat_stratifications/GRCh38_no_alt/results/NA18959.strat_regions.bed.gz,/vast/palmer/pi/hall/wl474/projects/hprc_r2/variant_benchmarking/concat_stratifications/GRCh38_no_alt/results/NA18959.strat_regions.bed.gz.tbi
NA18960,/vast/palmer/pi/hall/wl474/projects/hprc_r2/variant_benchmarking/concat_stratifications/GRCh38_no_alt/results/NA18960.strat_regions.bed.gz,/vast/palmer/pi/hall/wl474/projects/hprc_r2/variant_benchmarking/concat_stratifications/GRCh38_no_alt/results/NA18960.strat_regions.bed.gz.tbi
NA18967,/vast/palmer/pi/hall/wl474/projects/hprc_r2/variant_benchmarking/concat_stratifications/GRCh38_no_alt/results/NA18967.strat_regions.bed.gz,/vast/palmer/pi/hall/wl474/projects/hprc_r2/variant_benchmarking/concat_stratifications/GRCh38_no_alt/results/NA18967.strat_regions.bed.gz.tbi
NA18970,/vast/palmer/pi/hall/wl474/projects/hprc_r2/variant_benchmarking/concat_stratifications/GRCh38_no_alt/results/NA18970.strat_regions.bed.gz,/vast/palmer/pi/hall/wl474/projects/hprc_r2/variant_benchmarking/concat_stratifications/GRCh38_no_alt/results/NA18970.strat_regions.bed.gz.tbi
NA18971,/vast/palmer/pi/hall/wl474/projects/hprc_r2/variant_benchmarking/concat_stratifications/GRCh38_no_alt/results/NA18971.strat_regions.bed.gz,/vast/palmer/pi/hall/wl474/projects/hprc_r2/variant_benchmarking/concat_stratifications/GRCh38_no_alt/results/NA18971.strat_regions.bed.gz.tbi
NA18974,/vast/palmer/pi/hall/wl474/projects/hprc_r2/variant_benchmarking/concat_stratifications/GRCh38_no_alt/results/NA18974.strat_regions.bed.gz,/vast/palmer/pi/hall/wl474/projects/hprc_r2/variant_benchmarking/concat_stratifications/GRCh38_no_alt/results/NA18974.strat_regions.bed.gz.tbi
NA18976,/vast/palmer/pi/hall/wl474/projects/hprc_r2/variant_benchmarking/concat_stratifications/GRCh38_no_alt/results/NA18976.strat_regions.bed.gz,/vast/palmer/pi/hall/wl474/projects/hprc_r2/variant_benchmarking/concat_stratifications/GRCh38_no_alt/results/NA18976.strat_regions.bed.gz.tbi
NA18982,/vast/palmer/pi/hall/wl474/projects/hprc_r2/variant_benchmarking/concat_stratifications/GRCh38_no_alt/results/NA18982.strat_regions.bed.gz,/vast/palmer/pi/hall/wl474/projects/hprc_r2/variant_benchmarking/concat_stratifications/GRCh38_no_alt/results/NA18982.strat_regions.bed.gz.tbi
NA18983,/vast/palmer/pi/hall/wl474/projects/hprc_r2/variant_benchmarking/concat_stratifications/GRCh38_no_alt/results/NA18983.strat_regions.bed.gz,/vast/palmer/pi/hall/wl474/projects/hprc_r2/variant_benchmarking/concat_stratifications/GRCh38_no_alt/results/NA18983.strat_regions.bed.gz.tbi
NA19036,/vast/palmer/pi/hall/wl474/projects/hprc_r2/variant_benchmarking/concat_stratifications/GRCh38_no_alt/results/NA19036.strat_regions.bed.gz,/vast/palmer/pi/hall/wl474/projects/hprc_r2/variant_benchmarking/concat_stratifications/GRCh38_no_alt/results/NA19036.strat_regions.bed.gz.tbi
NA19043,/vast/palmer/pi/hall/wl474/projects/hprc_r2/variant_benchmarking/concat_stratifications/GRCh38_no_alt/results/NA19043.strat_regions.bed.gz,/vast/palmer/pi/hall/wl474/projects/hprc_r2/variant_benchmarking/concat_stratifications/GRCh38_no_alt/results/NA19043.strat_regions.bed.gz.tbi
NA19087,/vast/palmer/pi/hall/wl474/projects/hprc_r2/variant_benchmarking/concat_stratifications/GRCh38_no_alt/results/NA19087.strat_regions.bed.gz,/vast/palmer/pi/hall/wl474/projects/hprc_r2/variant_benchmarking/concat_stratifications/GRCh38_no_alt/results/NA19087.strat_regions.bed.gz.tbi
NA19159,/vast/palmer/pi/hall/wl474/projects/hprc_r2/variant_benchmarking/concat_stratifications/GRCh38_no_alt/results/NA19159.strat_regions.bed.gz,/vast/palmer/pi/hall/wl474/projects/hprc_r2/variant_benchmarking/concat_stratifications/GRCh38_no_alt/results/NA19159.strat_regions.bed.gz.tbi
NA19185,/vast/palmer/pi/hall/wl474/projects/hprc_r2/variant_benchmarking/concat_stratifications/GRCh38_no_alt/results/NA19185.strat_regions.bed.gz,/vast/palmer/pi/hall/wl474/projects/hprc_r2/variant_benchmarking/concat_stratifications/GRCh38_no_alt/results/NA19185.strat_regions.bed.gz.tbi
NA19240,/vast/palmer/pi/hall/wl474/projects/hprc_r2/variant_benchmarking/concat_stratifications/GRCh38_no_alt/results/NA19240.strat_regions.bed.gz,/vast/palmer/pi/hall/wl474/projects/hprc_r2/variant_benchmarking/concat_stratifications/GRCh38_no_alt/results/NA19240.strat_regions.bed.gz.tbi
NA19338,/vast/palmer/pi/hall/wl474/projects/hprc_r2/variant_benchmarking/concat_stratifications/GRCh38_no_alt/results/NA19338.strat_regions.bed.gz,/vast/palmer/pi/hall/wl474/projects/hprc_r2/variant_benchmarking/concat_stratifications/GRCh38_no_alt/results/NA19338.strat_regions.bed.gz.tbi
NA19391,/vast/palmer/pi/hall/wl474/projects/hprc_r2/variant_benchmarking/concat_stratifications/GRCh38_no_alt/results/NA19391.strat_regions.bed.gz,/vast/palmer/pi/hall/wl474/projects/hprc_r2/variant_benchmarking/concat_stratifications/GRCh38_no_alt/results/NA19391.strat_regions.bed.gz.tbi
NA19443,/vast/palmer/pi/hall/wl474/projects/hprc_r2/variant_benchmarking/concat_stratifications/GRCh38_no_alt/results/NA19443.strat_regions.bed.gz,/vast/palmer/pi/hall/wl474/projects/hprc_r2/variant_benchmarking/concat_stratifications/GRCh38_no_alt/results/NA19443.strat_regions.bed.gz.tbi
NA19468,/vast/palmer/pi/hall/wl474/projects/hprc_r2/variant_benchmarking/concat_stratifications/GRCh38_no_alt/results/NA19468.strat_regions.bed.gz,/vast/palmer/pi/hall/wl474/projects/hprc_r2/variant_benchmarking/concat_stratifications/GRCh38_no_alt/results/NA19468.strat_regions.bed.gz.tbi
NA19682,/vast/palmer/pi/hall/wl474/projects/hprc_r2/variant_benchmarking/concat_stratifications/GRCh38_no_alt/results/NA19682.strat_regions.bed.gz,/vast/palmer/pi/hall/wl474/projects/hprc_r2/variant_benchmarking/concat_stratifications/GRCh38_no_alt/results/NA19682.strat_regions.bed.gz.tbi
NA19700,/vast/palmer/pi/hall/wl474/projects/hprc_r2/variant_benchmarking/concat_stratifications/GRCh38_no_alt/results/NA19700.strat_regions.bed.gz,/vast/palmer/pi/hall/wl474/projects/hprc_r2/variant_benchmarking/concat_stratifications/GRCh38_no_alt/results/NA19700.strat_regions.bed.gz.tbi
NA19776,/vast/palmer/pi/hall/wl474/projects/hprc_r2/variant_benchmarking/concat_stratifications/GRCh38_no_alt/results/NA19776.strat_regions.bed.gz,/vast/palmer/pi/hall/wl474/projects/hprc_r2/variant_benchmarking/concat_stratifications/GRCh38_no_alt/results/NA19776.strat_regions.bed.gz.tbi
NA19835,/vast/palmer/pi/hall/wl474/projects/hprc_r2/variant_benchmarking/concat_stratifications/GRCh38_no_alt/results/NA19835.strat_regions.bed.gz,/vast/palmer/pi/hall/wl474/projects/hprc_r2/variant_benchmarking/concat_stratifications/GRCh38_no_alt/results/NA19835.strat_regions.bed.gz.tbi
NA19909,/vast/palmer/pi/hall/wl474/projects/hprc_r2/variant_benchmarking/concat_stratifications/GRCh38_no_alt/results/NA19909.strat_regions.bed.gz,/vast/palmer/pi/hall/wl474/projects/hprc_r2/variant_benchmarking/concat_stratifications/GRCh38_no_alt/results/NA19909.strat_regions.bed.gz.tbi
NA20129,/vast/palmer/pi/hall/wl474/projects/hprc_r2/variant_benchmarking/concat_stratifications/GRCh38_no_alt/results/NA20129.strat_regions.bed.gz,/vast/palmer/pi/hall/wl474/projects/hprc_r2/variant_benchmarking/concat_stratifications/GRCh38_no_alt/results/NA20129.strat_regions.bed.gz.tbi
NA20282,/vast/palmer/pi/hall/wl474/projects/hprc_r2/variant_benchmarking/concat_stratifications/GRCh38_no_alt/results/NA20282.strat_regions.bed.gz,/vast/palmer/pi/hall/wl474/projects/hprc_r2/variant_benchmarking/concat_stratifications/GRCh38_no_alt/results/NA20282.strat_regions.bed.gz.tbi
NA20346,/vast/palmer/pi/hall/wl474/projects/hprc_r2/variant_benchmarking/concat_stratifications/GRCh38_no_alt/results/NA20346.strat_regions.bed.gz,/vast/palmer/pi/hall/wl474/projects/hprc_r2/variant_benchmarking/concat_stratifications/GRCh38_no_alt/results/NA20346.strat_regions.bed.gz.tbi
NA20503,/vast/palmer/pi/hall/wl474/projects/hprc_r2/variant_benchmarking/concat_stratifications/GRCh38_no_alt/results/NA20503.strat_regions.bed.gz,/vast/palmer/pi/hall/wl474/projects/hprc_r2/variant_benchmarking/concat_stratifications/GRCh38_no_alt/results/NA20503.strat_regions.bed.gz.tbi
NA20752,/vast/palmer/pi/hall/wl474/projects/hprc_r2/variant_benchmarking/concat_stratifications/GRCh38_no_alt/results/NA20752.strat_regions.bed.gz,/vast/palmer/pi/hall/wl474/projects/hprc_r2/variant_benchmarking/concat_stratifications/GRCh38_no_alt/results/NA20752.strat_regions.bed.gz.tbi
NA20762,/vast/palmer/pi/hall/wl474/projects/hprc_r2/variant_benchmarking/concat_stratifications/GRCh38_no_alt/results/NA20762.strat_regions.bed.gz,/vast/palmer/pi/hall/wl474/projects/hprc_r2/variant_benchmarking/concat_stratifications/GRCh38_no_alt/results/NA20762.strat_regions.bed.gz.tbi
NA20799,/vast/palmer/pi/hall/wl474/projects/hprc_r2/variant_benchmarking/concat_stratifications/GRCh38_no_alt/results/NA20799.strat_regions.bed.gz,/vast/palmer/pi/hall/wl474/projects/hprc_r2/variant_benchmarking/concat_stratifications/GRCh38_no_alt/results/NA20799.strat_regions.bed.gz.tbi
NA20805,/vast/palmer/pi/hall/wl474/projects/hprc_r2/variant_benchmarking/concat_stratifications/GRCh38_no_alt/results/NA20805.strat_regions.bed.gz,/vast/palmer/pi/hall/wl474/projects/hprc_r2/variant_benchmarking/concat_stratifications/GRCh38_no_alt/results/NA20805.strat_regions.bed.gz.tbi
NA20806,/vast/palmer/pi/hall/wl474/projects/hprc_r2/variant_benchmarking/concat_stratifications/GRCh38_no_alt/results/NA20806.strat_regions.bed.gz,/vast/palmer/pi/hall/wl474/projects/hprc_r2/variant_benchmarking/concat_stratifications/GRCh38_no_alt/results/NA20806.strat_regions.bed.gz.tbi
NA20809,/vast/palmer/pi/hall/wl474/projects/hprc_r2/variant_benchmarking/concat_stratifications/GRCh38_no_alt/results/NA20809.strat_regions.bed.gz,/vast/palmer/pi/hall/wl474/projects/hprc_r2/variant_benchmarking/concat_stratifications/GRCh38_no_alt/results/NA20809.strat_regions.bed.gz.tbi
NA20827,/vast/palmer/pi/hall/wl474/projects/hprc_r2/variant_benchmarking/concat_stratifications/GRCh38_no_alt/results/NA20827.strat_regions.bed.gz,/vast/palmer/pi/hall/wl474/projects/hprc_r2/variant_benchmarking/concat_stratifications/GRCh38_no_alt/results/NA20827.strat_regions.bed.gz.tbi
NA20850,/vast/palmer/pi/hall/wl474/projects/hprc_r2/variant_benchmarking/concat_stratifications/GRCh38_no_alt/results/NA20850.strat_regions.bed.gz,/vast/palmer/pi/hall/wl474/projects/hprc_r2/variant_benchmarking/concat_stratifications/GRCh38_no_alt/results/NA20850.strat_regions.bed.gz.tbi
NA20870,/vast/palmer/pi/hall/wl474/projects/hprc_r2/variant_benchmarking/concat_stratifications/GRCh38_no_alt/results/NA20870.strat_regions.bed.gz,/vast/palmer/pi/hall/wl474/projects/hprc_r2/variant_benchmarking/concat_stratifications/GRCh38_no_alt/results/NA20870.strat_regions.bed.gz.tbi
NA20905,/vast/palmer/pi/hall/wl474/projects/hprc_r2/variant_benchmarking/concat_stratifications/GRCh38_no_alt/results/NA20905.strat_regions.bed.gz,/vast/palmer/pi/hall/wl474/projects/hprc_r2/variant_benchmarking/concat_stratifications/GRCh38_no_alt/results/NA20905.strat_regions.bed.gz.tbi
NA21093,/vast/palmer/pi/hall/wl474/projects/hprc_r2/variant_benchmarking/concat_stratifications/GRCh38_no_alt/results/NA21093.strat_regions.bed.gz,/vast/palmer/pi/hall/wl474/projects/hprc_r2/variant_benchmarking/concat_stratifications/GRCh38_no_alt/results/NA21093.strat_regions.bed.gz.tbi
NA21102,/vast/palmer/pi/hall/wl474/projects/hprc_r2/variant_benchmarking/concat_stratifications/GRCh38_no_alt/results/NA21102.strat_regions.bed.gz,/vast/palmer/pi/hall/wl474/projects/hprc_r2/variant_benchmarking/concat_stratifications/GRCh38_no_alt/results/NA21102.strat_regions.bed.gz.tbi
NA21106,/vast/palmer/pi/hall/wl474/projects/hprc_r2/variant_benchmarking/concat_stratifications/GRCh38_no_alt/results/NA21106.strat_regions.bed.gz,/vast/palmer/pi/hall/wl474/projects/hprc_r2/variant_benchmarking/concat_stratifications/GRCh38_no_alt/results/NA21106.strat_regions.bed.gz.tbi
NA21110,/vast/palmer/pi/hall/wl474/projects/hprc_r2/variant_benchmarking/concat_stratifications/GRCh38_no_alt/results/NA21110.strat_regions.bed.gz,/vast/palmer/pi/hall/wl474/projects/hprc_r2/variant_benchmarking/concat_stratifications/GRCh38_no_alt/results/NA21110.strat_regions.bed.gz.tbi
NA21144,/vast/palmer/pi/hall/wl474/projects/hprc_r2/variant_benchmarking/concat_stratifications/GRCh38_no_alt/results/NA21144.strat_regions.bed.gz,/vast/palmer/pi/hall/wl474/projects/hprc_r2/variant_benchmarking/concat_stratifications/GRCh38_no_alt/results/NA21144.strat_regions.bed.gz.tbi
NA21309,/vast/palmer/pi/hall/wl474/projects/hprc_r2/variant_benchmarking/concat_stratifications/GRCh38_no_alt/results/NA21309.strat_regions.bed.gz,/vast/palmer/pi/hall/wl474/projects/hprc_r2/variant_benchmarking/concat_stratifications/GRCh38_no_alt/results/NA21309.strat_regions.bed.gz.tbi
